{"acc": 0.9150515765991363, "loss": 0.11846621032335145, "_timestamp": 1695921274.7394214, "_runtime": 0.5698294639587402, "_step": 7, "_wandb": {"runtime": 0}}