{"acc": 0.7993401976571791, "loss": 0.2161494072124306, "_timestamp": 1695921219.9955177, "_runtime": 0.734076738357544, "_step": 7, "_wandb": {"runtime": 0}}