{"acc": 0.9612713690651299, "loss": 0.08184171198670052, "_timestamp": 1696174639.9090798, "_runtime": 0.6579267978668213, "_step": 7, "_wandb": {"runtime": 0}}