{"acc": 0.7777828226150736, "loss": 0.13082324128772363, "_timestamp": 1695920932.6753666, "_runtime": 0.7340996265411377, "_step": 7, "_wandb": {"runtime": 0}}