{"acc": 0.8197752686990158, "loss": 0.1325359390571813, "_timestamp": 1696174608.6387026, "_runtime": 0.6645195484161377, "_step": 7, "_wandb": {"runtime": 0}}